{
    "Entities": [
        {
            "clientOnly": 0,
            "color": {
                "blue": 0,
                "green": 0,
                "red": 255
            },
            "created": "2016-08-31T21:10:06Z",
            "dimensions": {
                "x": 0.039999999105930328,
                "y": 0.20000000298023224,
                "z": 0.10000000149011612
            },
            "id": "{f5b2683e-33fe-490f-adbd-1637c62babac}",
            "owningAvatarID": "{00000000-0000-0000-0000-000000000000}",
            "queryAACube": {
                "scale": 0.22715634107589722,
                "x": -0.11357817053794861,
                "y": -0.11357817053794861,
                "z": -0.11357817053794861
            },
            "shape": "Cube",
            "type": "Box"
        }
    ],
    "Version": 62
}
